BlockId,EventSequence,Label
blk_-105450231192318816,"['09a53393', '09a53393', '09a53393', '3d91fa85']",Normal
blk_-1076549517733373559,"['3d91fa85', '09a53393', '09a53393']",Normal
blk_-1187723472581877455,"['09a53393', '09a53393', '3d91fa85']",Normal
blk_-1385756122847916710,"['09a53393', '09a53393', '3d91fa85', '09a53393']",Normal
blk_-1470784088028862059,['09a53393'],Normal
blk_-1477913034248457629,"['09a53393', '09a53393', '3d91fa85', '09a53393']",Normal
blk_-1548346834251221499,"['09a53393', '09a53393', '3d91fa85']",Normal
blk_-1608999687919862906,"['09a53393', '3d91fa85', '09a53393', '09a53393', 'dc2c74b7', 'dc2c74b7', 'e3df2680', 'e3df2680', 'dc2c74b7', 'e3df2680', '5d5de21c', '5d5de21c', '5d5de21c', 'b8f2df12', '09a53393', '8aef43d5', 'b8f2df12', '09a53393', '8938cce8', '6ce2ee8f', '5d5de21c', '5d5de21c', '626085d5', '6ce2ee8f', 'b8f2df12', 'b8f2df12', '09a53393', '09a53393', '8aef43d5', '8938cce8', '5d5de21c', '5d5de21c', '09a53393', 'b8f2df12', '09a53393', '8aef43d5', '626085d5', '626085d5', '626085d5', '626085d5', '626085d5', '626085d5', '626085d5', '626085d5', '626085d5', '626085d5', '8938cce8', '6ce2ee8f', 'b8f2df12', '626085d5', '626085d5', '626085d5', '626085d5', '626085d5', '626085d5', '626085d5', '626085d5', '626085d5', '626085d5', '626085d5', '626085d5', '626085d5', '626085d5', '626085d5', '5d5de21c', '5d5de21c', '626085d5', '626085d5', '626085d5', '626085d5', '626085d5', '626085d5', '626085d5', '626085d5', '626085d5', '626085d5', '626085d5', '626085d5', '626085d5', '626085d5', '626085d5', '626085d5', '626085d5', '626085d5', '626085d5', '626085d5', '626085d5', '626085d5', '626085d5', '626085d5', '626085d5', '626085d5', '626085d5', '626085d5', '626085d5', '626085d5', '626085d5', '626085d5', '626085d5', '626085d5', '626085d5', '626085d5', '626085d5', '626085d5', '626085d5', '626085d5', '626085d5', '626085d5', '626085d5', '626085d5', '626085d5', 'f4d1db9e', '626085d5', '626085d5', '626085d5', '626085d5', '626085d5', '626085d5', '626085d5', '626085d5', '626085d5', '626085d5', '626085d5', '626085d5', '626085d5', '626085d5', '626085d5', '626085d5', '626085d5', '626085d5', '626085d5', '626085d5', '626085d5', '626085d5', '626085d5', '626085d5', '626085d5', '626085d5', '626085d5', '626085d5', '626085d5', '626085d5', '626085d5', '626085d5', '626085d5', '626085d5', '626085d5', '626085d5', '626085d5', '98a1c2e5', 'b8f2df12', '09a53393', '626085d5', '626085d5', '626085d5', '626085d5', '626085d5', '8aef43d5', '626085d5', '626085d5', '626085d5', '626085d5', '5d5de21c', '626085d5', '626085d5', '626085d5', '626085d5', '626085d5', '626085d5', '626085d5', '626085d5', '626085d5', '626085d5', '626085d5', '626085d5', '626085d5', '626085d5', '626085d5', '626085d5', '626085d5', '626085d5', '626085d5', '626085d5', '626085d5', '626085d5', '626085d5', '626085d5', '626085d5', '626085d5', '626085d5', '626085d5']",Normal
blk_-1626340715627889482,['09a53393'],Normal
blk_-1871778753987286456,"['09a53393', '09a53393', '3d91fa85', '09a53393']",Normal
blk_-1942808544656255720,"['09a53393', '09a53393', '3d91fa85']",Normal
blk_-1962009378227535387,"['09a53393', '09a53393', '09a53393', '3d91fa85']",Normal
blk_-202775138379690649,"['09a53393', '3d91fa85', '09a53393']",Normal
blk_-2372508938534145884,"['09a53393', '09a53393', '3d91fa85']",Normal
blk_-2398209593415798905,"['09a53393', '09a53393', '3d91fa85']",Normal
blk_-2444160001954743483,"['09a53393', '09a53393', '3d91fa85']",Normal
blk_-2519617320378473615,"['09a53393', '3d91fa85', '09a53393']",Normal
blk_-2598897828182146855,"['09a53393', '09a53393', '09a53393', '3d91fa85']",Normal
blk_-2682415100025107597,"['09a53393', '3d91fa85', '09a53393', '09a53393']",Normal
blk_-2741438423499484166,"['09a53393', '09a53393', '3d91fa85']",Normal
blk_-2804479706331551014,"['09a53393', '3d91fa85', '09a53393', '09a53393']",Normal
blk_-2814588473145762869,"['09a53393', '09a53393', '3d91fa85']",Normal
blk_-2828839543885026602,"['09a53393', '09a53393', '3d91fa85', '09a53393']",Normal
blk_-2850818623433938591,"['09a53393', '09a53393', '3d91fa85']",Normal
blk_-2869299916035182755,"['09a53393', '09a53393', '3d91fa85', '09a53393']",Normal
blk_-2900490557492272760,"['09a53393', '09a53393', '3d91fa85']",Normal
blk_-2917825689581470793,['09a53393'],Normal
blk_-2947515393396507971,['09a53393'],Normal
blk_-2973260837493784784,"['09a53393', '3d91fa85']",Normal
blk_-2983481749155087856,"['09a53393', '3d91fa85', '09a53393']",Normal
blk_-3076705858972714475,"['09a53393', '09a53393', '3d91fa85']",Normal
blk_-3102267849859399193,"['09a53393', '09a53393', '3d91fa85']",Anomaly
blk_-3409923645141256069,"['09a53393', '3d91fa85', '09a53393']",Normal
blk_-3544583377289625738,"['09a53393', '3d91fa85', '09a53393', '09a53393', 'dc2c74b7', 'e3df2680', 'dc2c74b7', 'e3df2680', 'dc2c74b7', 'e3df2680', '626085d5', '5d5de21c', '5d5de21c', '5d5de21c', '626085d5', '626085d5', '626085d5', '626085d5', '626085d5', '626085d5', '626085d5', '626085d5', '626085d5', '626085d5', '626085d5', '626085d5', '626085d5', '626085d5', '626085d5', '626085d5', '626085d5', '626085d5', '626085d5', '626085d5', '626085d5', '626085d5', '626085d5', '626085d5', '626085d5', '626085d5', '626085d5', '626085d5', '626085d5', '626085d5', '626085d5', '626085d5', '626085d5', '626085d5', '626085d5', '626085d5', '626085d5', '626085d5', '626085d5', '626085d5', '626085d5', '626085d5', '626085d5', '626085d5', '626085d5', '626085d5', '626085d5', '626085d5', '626085d5', '626085d5', '626085d5', '626085d5', '626085d5', '626085d5', '626085d5', '626085d5', '626085d5', '626085d5', '626085d5', '626085d5', '626085d5', '626085d5', '626085d5', '626085d5', '626085d5', '626085d5', '626085d5', '626085d5', '626085d5', '626085d5', '626085d5', '626085d5', '626085d5', '626085d5', '626085d5', '626085d5', '626085d5', '626085d5', '626085d5', '626085d5', '626085d5', '626085d5', '626085d5', '626085d5', '626085d5', '626085d5', '626085d5', '626085d5', '626085d5', '626085d5', '626085d5', '626085d5', '626085d5', '626085d5', '626085d5', '626085d5', '626085d5', '626085d5', '626085d5', '626085d5', '626085d5', '626085d5', '626085d5', '626085d5', '626085d5', '626085d5', '626085d5', '626085d5', '626085d5', '626085d5', '626085d5', '626085d5', '626085d5', '626085d5', '626085d5', '626085d5', '626085d5', '626085d5', '626085d5', '626085d5', '626085d5', '626085d5', '626085d5', '626085d5', '626085d5', '626085d5', '626085d5', '626085d5', '626085d5', '626085d5', '626085d5', '626085d5', '626085d5', '626085d5', '626085d5', '626085d5', '626085d5', '626085d5', '626085d5', '626085d5', '626085d5', '626085d5', '626085d5', '626085d5', '626085d5', '626085d5', '626085d5', '626085d5', '626085d5', '626085d5', '626085d5', '626085d5', '626085d5', '626085d5', '626085d5', '626085d5', '626085d5', '626085d5', '626085d5']",Anomaly
blk_-3667585438930153850,"['09a53393', '09a53393', '3d91fa85', '09a53393']",Normal
blk_-3758406899752824535,"['09a53393', '3d91fa85']",Normal
blk_-3776330106018304557,"['09a53393', '09a53393', '09a53393', '3d91fa85']",Normal
blk_-3865158146925189370,"['09a53393', '09a53393', '3d91fa85']",Normal
blk_-3940941529251864773,"['09a53393', '09a53393', '3d91fa85', '09a53393']",Normal
blk_-4002888391906787542,"['09a53393', '3d91fa85']",Normal
blk_-40115644493265216,"['09a53393', '09a53393', '3d91fa85', '09a53393']",Normal
blk_-4046605047697127122,['09a53393'],Normal
blk_-4190491243436026170,"['09a53393', '09a53393', '09a53393', '3d91fa85']",Normal
blk_-4229931861869531048,['09a53393'],Normal
blk_-4309280423174037990,"['09a53393', '09a53393', '3d91fa85']",Normal
blk_-4341181125838883663,"['09a53393', '09a53393', '3d91fa85', '09a53393']",Normal
blk_-4390409968877773039,"['09a53393', '3d91fa85', '09a53393', '09a53393']",Normal
blk_-4393655256228529026,"['09a53393', '3d91fa85', '09a53393']",Normal
blk_-4430564173662960642,"['09a53393', '3d91fa85', '09a53393']",Normal
blk_-4513615671112005170,"['09a53393', '09a53393', '3d91fa85', '09a53393']",Normal
blk_-4667470578821022066,"['09a53393', '09a53393', '09a53393', '3d91fa85']",Normal
blk_-4673142718163027981,"['09a53393', '3d91fa85']",Normal
blk_-4710160024743429585,"['09a53393', '09a53393', '09a53393', '3d91fa85']",Normal
blk_-4770972463483766707,"['09a53393', '09a53393', '09a53393', '3d91fa85']",Normal
blk_-50273257731426871,"['09a53393', '09a53393', '3d91fa85', '09a53393']",Normal
blk_-5114249203202400596,"['09a53393', '3d91fa85', '09a53393']",Normal
blk_-518459762181346762,"['09a53393', '3d91fa85', '09a53393']",Normal
blk_-546318595782592836,"['09a53393', '09a53393']",Normal
blk_-5584251724032983856,['09a53393'],Normal
blk_-5649479540791129974,"['09a53393', '09a53393', '09a53393', '3d91fa85']",Normal
blk_-5702477348781461354,"['09a53393', '3d91fa85', '09a53393', '09a53393']",Normal
blk_-5800700353547170271,"['09a53393', '09a53393', '3d91fa85']",Normal
blk_-5835224384325268050,"['09a53393', '09a53393', '09a53393', '3d91fa85']",Normal
blk_-5950249832413179417,['09a53393'],Normal
blk_-6108780682959356968,"['09a53393', '3d91fa85', '09a53393']",Normal
blk_-6125125239494402092,"['09a53393', '09a53393', '3d91fa85']",Normal
blk_-6370470857048627387,"['09a53393', '09a53393', '3d91fa85']",Normal
blk_-6535155942125829332,"['09a53393', '09a53393', '09a53393', '3d91fa85']",Normal
blk_-6586753944835843334,"['09a53393', '3d91fa85']",Normal
blk_-66330728533676520,"['09a53393', '09a53393', '3d91fa85']",Normal
blk_-6790654856691185731,"['09a53393', '09a53393', '09a53393', '3d91fa85']",Normal
blk_-6879190567969332918,"['09a53393', '09a53393', '3d91fa85', '09a53393']",Normal
blk_-6920587680575966964,"['09a53393', '09a53393', '09a53393', '3d91fa85']",Normal
blk_-6931080266317198977,"['09a53393', '3d91fa85', '09a53393']",Normal
blk_-7158210625015641227,"['09a53393', '3d91fa85', '09a53393', '09a53393']",Normal
blk_-7198899606504196854,"['09a53393', '09a53393', '3d91fa85', '09a53393']",Normal
blk_-7226303435190136642,"['09a53393', '3d91fa85']",Normal
blk_-7518315834509097389,"['09a53393', '09a53393', '3d91fa85']",Normal
blk_-7660193828821971101,['09a53393'],Normal
blk_-7742258871275669707,"['09a53393', '3d91fa85', '09a53393', '09a53393']",Normal
blk_-774246298521956028,"['09a53393', '09a53393', '09a53393', '3d91fa85']",Normal
blk_-7851573941192785283,"['09a53393', '3d91fa85']",Normal
blk_-7861579849076010389,"['09a53393', '09a53393', '3d91fa85', '09a53393']",Normal
blk_-7911463493785581853,"['09a53393', '3d91fa85', '09a53393', '09a53393']",Normal
blk_-8013855621109800549,"['09a53393', '09a53393', '09a53393', '3d91fa85']",Normal
blk_-8054782785917830420,"['09a53393', '09a53393', '09a53393', '3d91fa85']",Normal
blk_-8091841062813936618,"['09a53393', '09a53393', '3d91fa85']",Normal
blk_-8120118743897862909,"['09a53393', '09a53393', '09a53393', '3d91fa85']",Normal
blk_-8186438745381579117,"['09a53393', '09a53393', '09a53393', '3d91fa85']",Normal
blk_-8281945757273050140,"['09a53393', '3d91fa85', '09a53393', '09a53393']",Normal
blk_-8420426811026669438,"['09a53393', '09a53393']",Normal
blk_-8476126489496204177,"['09a53393', '09a53393', '3d91fa85', '09a53393']",Normal
blk_-8515113585876695879,"['09a53393', '09a53393', '3d91fa85']",Normal
blk_-8531310335568756456,"['09a53393', '3d91fa85', '09a53393', '09a53393']",Anomaly
blk_-859147788836187186,"['09a53393', '09a53393', '09a53393', '3d91fa85']",Normal
blk_-859705208416062320,"['09a53393', '09a53393', '09a53393', '3d91fa85']",Normal
blk_-8756305378882356508,"['09a53393', '09a53393', '3d91fa85', '09a53393']",Normal
blk_-9025459096044337508,"['09a53393', '3d91fa85', '09a53393', '09a53393']",Normal
blk_-9073992586687739851,"['09a53393', '3d91fa85', '09a53393', '09a53393', 'dc2c74b7', 'e3df2680', 'dc2c74b7', 'e3df2680', 'dc2c74b7', 'e3df2680', '5d5de21c', '5d5de21c', '5d5de21c']",Normal
blk_-9166492953238830125,"['09a53393', '09a53393', '3d91fa85']",Normal
blk_1279101103527882599,"['09a53393', '09a53393', '3d91fa85']",Normal
blk_1325332921567711382,"['09a53393', '3d91fa85']",Normal
blk_1404945464756167309,"['09a53393', '09a53393', '3d91fa85']",Normal
blk_1448813076571847187,"['09a53393', '09a53393', '3d91fa85']",Normal
blk_1613550655988246573,"['09a53393', '3d91fa85', '09a53393']",Normal
blk_1640563687655694592,"['09a53393', '3d91fa85']",Normal
blk_1717858812220360316,"['09a53393', '09a53393', '3d91fa85']",Normal
blk_177394776382448614,"['09a53393', '3d91fa85', '09a53393']",Normal
blk_1912523661436659100,"['09a53393', '09a53393', '3d91fa85']",Normal
blk_1937926427363440853,"['09a53393', '3d91fa85', '09a53393']",Normal
blk_1998424538687454859,"['09a53393', '3d91fa85', '09a53393', '09a53393']",Normal
blk_202536106610432362,"['09a53393', '09a53393', '09a53393', '3d91fa85']",Normal
blk_2074627648226805983,"['09a53393', '09a53393', '3d91fa85']",Normal
blk_2080109799967615857,"['09a53393', '3d91fa85', '09a53393', '09a53393']",Normal
blk_2221775105544933826,['09a53393'],Normal
blk_2329219899967276279,"['09a53393', '3d91fa85', '09a53393']",Normal
blk_2347008916727134499,"['09a53393', '09a53393', '3d91fa85']",Normal
blk_2366822833609442341,['09a53393'],Normal
blk_2391384234620089834,"['09a53393', '3d91fa85', '09a53393']",Normal
blk_2689014683808259029,"['09a53393', '09a53393', '09a53393', '3d91fa85']",Normal
blk_2765344736980045501,"['09a53393', '09a53393', '3d91fa85', '09a53393']",Normal
blk_2825871331379974767,"['09a53393', '09a53393', '3d91fa85', '09a53393']",Normal
blk_2912732363095595893,"['09a53393', '3d91fa85']",Normal
blk_2986822300704311308,"['09a53393', '3d91fa85', '09a53393']",Normal
blk_3098154771341398925,"['09a53393', '09a53393', '09a53393', '3d91fa85']",Normal
blk_3175731177970777720,"['09a53393', '09a53393', '3d91fa85', '09a53393']",Normal
blk_3341600009111698611,"['09a53393', '09a53393', '09a53393', '3d91fa85']",Normal
blk_3363069898317139269,"['09a53393', '3d91fa85']",Normal
blk_3433546525085724680,"['3d91fa85', '09a53393', '09a53393']",Normal
blk_3461505966191484945,"['09a53393', '09a53393', '3d91fa85']",Normal
blk_3508011185486088738,"['09a53393', '3d91fa85']",Normal
blk_3522654861930890662,"['09a53393', '09a53393', '09a53393', '3d91fa85']",Normal
blk_3640100967125688321,"['09a53393', '09a53393', '3d91fa85', '09a53393']",Normal
blk_3738211383445750914,"['09a53393', '09a53393', '3d91fa85']",Normal
blk_3880327230518840131,"['09a53393', '09a53393']",Normal
blk_38865049064139660,"['09a53393', '09a53393']",Normal
blk_3909865472571090536,"['09a53393', '09a53393', '3d91fa85']",Normal
blk_3941533870808561940,"['09a53393', '09a53393', '3d91fa85', '09a53393']",Normal
blk_3947106522258141922,"['09a53393', '09a53393', '3d91fa85', '09a53393']",Anomaly
blk_3972287319691001044,"['09a53393', '3d91fa85']",Normal
blk_3974948352784823938,"['09a53393', '09a53393', '3d91fa85', '09a53393']",Normal
blk_40441923226500563,"['09a53393', '09a53393', '3d91fa85', '09a53393']",Normal
blk_4386079411548040260,"['09a53393', '3d91fa85']",Normal
blk_4394112519745907149,"['09a53393', '09a53393', '3d91fa85']",Normal
blk_4521164666406024155,"['09a53393', '09a53393', '3d91fa85', '09a53393']",Normal
blk_4649698331936539655,"['09a53393', '3d91fa85', '09a53393', '09a53393']",Normal
blk_4675103097330094461,"['09a53393', '09a53393', '09a53393', '3d91fa85']",Normal
blk_4737741713837408345,['09a53393'],Normal
blk_4845477247445346914,"['09a53393', '09a53393', '09a53393', '3d91fa85']",Normal
blk_5117857107611435103,"['09a53393', '09a53393', '3d91fa85']",Normal
blk_5161501523120226002,"['09a53393', '09a53393', '09a53393', '3d91fa85']",Normal
blk_5479015932651254774,"['09a53393', '09a53393', '3d91fa85']",Normal
blk_5488900529276086615,"['09a53393', '3d91fa85']",Normal
blk_5491460290951785997,"['09a53393', '09a53393', '09a53393', '3d91fa85']",Normal
blk_5647760196018207394,"['09a53393', '09a53393', '09a53393', '3d91fa85']",Normal
blk_5703440264997337028,"['09a53393', '3d91fa85', '09a53393', '09a53393']",Normal
blk_5727159100405160712,"['09a53393', '3d91fa85', '09a53393', '09a53393']",Normal
blk_5775293647706867248,"['09a53393', '09a53393', '3d91fa85']",Normal
blk_584104991019184413,"['09a53393', '09a53393', '09a53393', '3d91fa85']",Normal
blk_6021477756386488418,['09a53393'],Normal
blk_6227055072516687391,"['09a53393', '09a53393', '3d91fa85']",Normal
blk_6288745377407023095,"['09a53393', '3d91fa85', '09a53393']",Normal
blk_6309418393114897475,"['09a53393', '3d91fa85', '09a53393', '09a53393']",Normal
blk_634338240549205708,"['09a53393', '09a53393', '3d91fa85']",Normal
blk_6597014667441085597,"['09a53393', '09a53393', '3d91fa85', '09a53393']",Normal
blk_6609646171038203219,"['09a53393', '09a53393', '3d91fa85', '09a53393']",Normal
blk_6740695140894845846,"['09a53393', '09a53393', '3d91fa85']",Normal
blk_6835995323369082616,"['09a53393', '09a53393', '3d91fa85']",Normal
blk_6918081507126070602,"['09a53393', '3d91fa85', '09a53393']",Normal
blk_7063315473424667801,"['09a53393', '09a53393', '09a53393', '3d91fa85']",Normal
blk_7268266957111394674,['09a53393'],Normal
blk_7352609810175565501,"['09a53393', '09a53393', '3d91fa85']",Normal
blk_7427307448707327249,"['09a53393', '09a53393', '09a53393', '3d91fa85']",Normal
blk_7474637556625667220,"['09a53393', '09a53393', '3d91fa85']",Normal
blk_7475438553401908725,"['09a53393', '09a53393', '3d91fa85']",Normal
blk_7503483334202473044,"['09a53393', '09a53393', '3d91fa85', '09a53393', 'dc2c74b7', 'e3df2680', 'dc2c74b7', 'e3df2680', 'dc2c74b7', 'e3df2680', '5d5de21c', '5d5de21c', '5d5de21c', '626085d5']",Normal
blk_7854771516489510256,"['09a53393', '09a53393', '3d91fa85', '09a53393']",Normal
blk_7955481321933797799,"['09a53393', '09a53393', '3d91fa85']",Normal
blk_7956543127401791181,"['09a53393', '09a53393', '3d91fa85', '09a53393']",Anomaly
blk_8026466674001363449,"['09a53393', '09a53393', '3d91fa85', '09a53393']",Normal
blk_8046151943293893685,"['09a53393', '3d91fa85', '09a53393', '09a53393']",Normal
blk_8059760933250408909,"['09a53393', '09a53393', '3d91fa85']",Normal
blk_8376667364205250596,"['09a53393', '09a53393', '3d91fa85']",Normal
blk_855704723224540977,"['09a53393', '09a53393', '3d91fa85']",Normal
blk_8558795046002911094,"['09a53393', '09a53393', '3d91fa85']",Normal
blk_8573973636575611103,"['09a53393', '3d91fa85']",Normal
blk_8586544123689943463,"['09a53393', '09a53393', '09a53393', '3d91fa85']",Normal
blk_8595954612153362607,"['09a53393', '3d91fa85', '09a53393']",Normal
blk_8609819439677503690,"['09a53393', '3d91fa85', '09a53393', '09a53393']",Normal
blk_8665604379324651807,"['09a53393', '09a53393', '3d91fa85', '09a53393']",Normal
blk_8814359467727556626,['09a53393'],Normal
blk_8910234103556704078,"['09a53393', '09a53393', '3d91fa85', '09a53393']",Normal
blk_9069966081657556515,"['09a53393', '09a53393', '3d91fa85']",Normal
blk_9210346052555304090,"['09a53393', '3d91fa85']",Normal
blk_966870748231287658,"['09a53393', '09a53393', '3d91fa85']",Normal
blk_967160175355936210,"['09a53393', '09a53393', '3d91fa85']",Normal
